Letter_UN,Letter_Pass,Letter_patId,Letter_Patbarcode
load.user1614,Welcome@123,11051,12051
load.user1615,Welcome@123,11063,12063
load.user1616,Welcome@123,11102,12102
load.user1617,Welcome@123,33471,34471
load.user1618,Welcome@123,10999,11999
load.user1619,Welcome@123,11007,12007
load.user1620,Welcome@123,11087,12087
load.user1621,Welcome@123,11004,12004
load.user1622,Welcome@123,11009,12009
load.user1623,Welcome@123,59168,60168
load.user1672,Welcome@123,11000,12000
load.user1671,Welcome@123,12045,13045
load.user1673,Welcome@123,33048,34048
load.user1674,Welcome@123,11002,12002
load.user1688,Welcome@123,11010,12010
load.user1690,Welcome@123,33358,34358
load.user1830,Welcome@123,33389,34389
load.user1831,Welcome@123,11089,12089
load.user1832,Welcome@123,33368,34368
load.user1833,Welcome@123,33379,34379
load.user1834,Welcome@123,59125,60125
load.user1835,Welcome@123,59124,60124
load.user1836,Welcome@123,59123,60123
load.user1837,Welcome@123,59122,60122
load.user1838,Welcome@123,59121,60121
load.user1839,Welcome@123,59120,60120
load.user1840,Welcome@123,59119,60119
load.user1841,Welcome@123,59118,60118
load.user1648,Welcome@123,59117,60117
load.user1649,Welcome@123,59116,60116
load.user1650,Welcome@123,59115,60115
load.user1651,Welcome@123,59114,60114
load.user1652,Welcome@123,59113,60113
load.user1606,Welcome@123,59112,60112
load.user1607,Welcome@123,59111,60111
load.user1604,Welcome@123,59110,60110
load.user1605,Welcome@123,59109,60109
load.user1608,Welcome@123,59108,60108
load.user1609,Welcome@123,59107,60107
load.user1610,Welcome@123,59106,60106
load.user1611,Welcome@123,59105,60105
load.user1612,Welcome@123,59104,60104
load.user1613,Welcome@123,59103,60103
load.user1692,Welcome@123,59102,60102
load.user1691,Welcome@123,59101,60101
load.user1693,Welcome@123,59100,60100
load.user1694,Welcome@123,59099,60099
load.user1695,Welcome@123,59098,60098
load.user1696,Welcome@123,59097,60097
load.user1698,Welcome@123,59096,60096
load.user1697,Welcome@123,59095,60095
load.user1700,Welcome@123,59094,60094
load.user1699,Welcome@123,59093,60093
load.user1701,Welcome@123,59092,60092
load.user1702,Welcome@123,59091,60091
load.user1703,Welcome@123,59090,60090
load.user1646,Welcome@123,59089,60089
load.user1647,Welcome@123,59088,60088
load.user1842,Welcome@123,59087,60087
load.user1843,Welcome@123,59086,60086
load.user1844,Welcome@123,59085,60085
load.user1845,Welcome@123,59084,60084
load.user1846,Welcome@123,59083,60083
load.user1847,Welcome@123,59082,60082
load.user1848,Welcome@123,59081,60081
load.user1849,Welcome@123,59080,60080
load.user1710,Welcome@123,59079,60079
load.user1625,Welcome@123,59078,60078
load.user1626,Welcome@123,59077,60077
load.user1654,Welcome@123,59076,60076
load.user1656,Welcome@123,59075,60075
load.user1655,Welcome@123,59074,60074
load.user1657,Welcome@123,59073,60073
load.user1658,Welcome@123,59072,60072
load.user1659,Welcome@123,59071,60071
load.user1660,Welcome@123,59070,60070
load.user1662,Welcome@123,59069,60069
load.user1661,Welcome@123,59068,60068
load.user1663,Welcome@123,59067,60067
load.user1664,Welcome@123,59066,60066
load.user1665,Welcome@123,59065,60065
load.user1667,Welcome@123,59064,60064
load.user1666,Welcome@123,59063,60063
load.user1668,Welcome@123,59062,60062
load.user1669,Welcome@123,59061,60061
load.user1670,Welcome@123,59060,60060
load.user1675,Welcome@123,59059,60059
load.user1677,Welcome@123,59058,60058
load.user1676,Welcome@123,59057,60057
load.user1678,Welcome@123,59056,60056
load.user1679,Welcome@123,59055,60055
load.user1680,Welcome@123,59054,60054
load.user1681,Welcome@123,59053,60053
load.user1683,Welcome@123,59052,60052
load.user1682,Welcome@123,59051,60051
load.user1684,Welcome@123,59050,60050
load.user1685,Welcome@123,59049,60049
load.user1686,Welcome@123,59048,60048
load.user1687,Welcome@123,34762,35762
load.user1689,Welcome@123,11069,12069
