Stock_UN,Stock_Pass
load.user2080,Welcome@123
load.user2081,Welcome@123
load.user2082,Welcome@123
load.user2083,Welcome@123
load.user2084,Welcome@123
load.user2085,Welcome@123
load.user2086,Welcome@123
load.user2087,Welcome@123
load.user2088,Welcome@123
load.user2089,Welcome@123
load.user209,Welcome@123
load.user2090,Welcome@123
load.user2091,Welcome@123
load.user2092,Welcome@123
load.user2093,Welcome@123
load.user2094,Welcome@123
load.user2095,Welcome@123
load.user2096,Welcome@123
load.user2097,Welcome@123
load.user2098,Welcome@123
load.user2099,Welcome@123
load.user21,Welcome@123
load.user210,Welcome@123
load.user2100,Welcome@123
load.user2101,Welcome@123
load.user2102,Welcome@123
load.user2103,Welcome@123
load.user2104,Welcome@123
load.user2105,Welcome@123
load.user2106,Welcome@123
load.user2107,Welcome@123
load.user2108,Welcome@123
load.user2109,Welcome@123
load.user211,Welcome@123
load.user2110,Welcome@123
load.user2111,Welcome@123
load.user2112,Welcome@123
load.user2113,Welcome@123
load.user2114,Welcome@123
load.user2115,Welcome@123
load.user2116,Welcome@123
load.user2117,Welcome@123
load.user2118,Welcome@123
load.user2119,Welcome@123
load.user212,Welcome@123
load.user2120,Welcome@123
load.user2121,Welcome@123
load.user2122,Welcome@123
load.user2123,Welcome@123
load.user2124,Welcome@123
load.user2125,Welcome@123
load.user2126,Welcome@123
load.user2127,Welcome@123
load.user2128,Welcome@123
load.user2129,Welcome@123
load.user213,Welcome@123
load.user2130,Welcome@123
load.user2131,Welcome@123
load.user2132,Welcome@123
load.user2133,Welcome@123
load.user2134,Welcome@123
load.user2135,Welcome@123
load.user2136,Welcome@123
load.user2137,Welcome@123
load.user2138,Welcome@123
load.user2139,Welcome@123
load.user214,Welcome@123
load.user2140,Welcome@123
load.user2141,Welcome@123
load.user2142,Welcome@123
load.user2143,Welcome@123
load.user2144,Welcome@123
load.user2145,Welcome@123
load.user2146,Welcome@123
load.user2147,Welcome@123
load.user2148,Welcome@123
load.user2149,Welcome@123
load.user215,Welcome@123
load.user2150,Welcome@123
load.user2151,Welcome@123
load.user2152,Welcome@123
load.user2153,Welcome@123
load.user2154,Welcome@123
load.user2155,Welcome@123
load.user2156,Welcome@123
load.user2157,Welcome@123
load.user2158,Welcome@123
load.user2159,Welcome@123
load.user216,Welcome@123
load.user2160,Welcome@123
load.user2161,Welcome@123
load.user2162,Welcome@123
load.user2163,Welcome@123
load.user2164,Welcome@123
load.user2165,Welcome@123
load.user2166,Welcome@123
load.user2167,Welcome@123
load.user2168,Welcome@123
load.user2169,Welcome@123
load.user1667,Welcome@123
