AE_UN,AE_Pass
load.AE1,Abhi@124
load.AE2,Abhi@124
load.AE3,Abhi@124
load.AE4,Abhi@124
load.AE5,Abhi@124
load.AE6,Abhi@124
load.AE7,Abhi@124
load.AE8,Abhi@124
load.AE9,Abhi@124
load.AE10,Abhi@124
load.AE11,Abhi@124
load.AE12,Abhi@124
load.AE13,Abhi@124
load.AE14,Abhi@124
load.AE15,Abhi@124
load.AE16,Abhi@124
load.AE17,Abhi@124
load.AE18,Abhi@124
load.AE19,Abhi@124
load.AE20,Abhi@124
load.AE21,Abhi@124
load.AE22,Abhi@124
load.AE23,Abhi@124
load.AE24,Abhi@124
load.AE25,Abhi@124
load.AE26,Abhi@124
load.AE27,Abhi@124
load.AE28,Abhi@124
load.AE29,Abhi@124
load.AE30,Abhi@124
load.AE31,Abhi@124
load.AE32,Abhi@124
load.AE33,Abhi@124
load.AE34,Abhi@124
load.AE35,Abhi@124
load.AE36,Abhi@124
load.AE37,Abhi@124
load.AE38,Abhi@124
load.AE39,Abhi@124
load.AE40,Abhi@124
load.AE41,Abhi@124
load.AE42,Abhi@124
load.AE43,Abhi@124
load.AE44,Abhi@124
load.AE45,Abhi@124
load.AE46,Abhi@124
load.AE47,Abhi@124
load.AE48,Abhi@124
load.AE49,Abhi@124
load.AE50,Abhi@124
load.AE51,Abhi@124
load.AE52,Abhi@124
load.AE53,Abhi@124
load.AE54,Abhi@124
load.AE55,Abhi@124
load.AE56,Abhi@124
load.AE57,Abhi@124
load.AE58,Abhi@124
load.AE59,Abhi@124
load.AE60,Abhi@124
load.AE61,Abhi@124
load.AE62,Abhi@124
load.AE63,Abhi@124
load.AE64,Abhi@124
load.AE65,Abhi@124
load.AE66,Abhi@124
load.AE67,Abhi@124
load.AE68,Abhi@124
load.AE69,Abhi@124
load.AE70,Abhi@124
load.AE71,Abhi@124
load.AE72,Abhi@124
load.AE73,Abhi@124
load.AE74,Abhi@124
load.AE75,Abhi@124
load.AE76,Abhi@124
load.AE77,Abhi@124
load.AE78,Abhi@124
load.AE79,Abhi@124
load.AE80,Abhi@124
load.AE81,Abhi@124
load.AE82,Abhi@124
load.AE83,Abhi@124
load.AE84,Abhi@124
load.AE85,Abhi@124
load.AE86,Abhi@124
load.AE87,Abhi@124
load.AE88,Abhi@124
load.AE89,Abhi@124
load.AE90,Abhi@124
load.AE91,Abhi@124
load.AE92,Abhi@124
load.AE93,Abhi@124
load.AE94,Abhi@124
load.AE95,Abhi@124
load.AE96,Abhi@124
load.AE97,Abhi@124
load.AE98,Abhi@124
load.AE99,Abhi@124
load.AE100,Abhi@124
