appt_un,appt_id,appt_bar
load.user947,11051,12051
load.user948,11063,12063
load.user949,11102,12102
load.user95,33471,34471
load.user950,10999,11999
load.user951,11007,12007
load.user952,11087,12087
load.user953,11004,12004
load.user954,11009,12009
load.user955,59168,60168
load.user956,11000,12000
load.user957,12045,13045
load.user958,33048,34048
load.user959,11002,12002
load.user96,11010,12010
load.user960,33358,34358
load.user961,33389,34389
load.user962,11089,12089
load.user963,33368,34368
load.user964,33379,34379
load.user965,33353,34353
load.user966,33384,34384
load.user967,33398,34398
load.user968,33363,34363
load.user969,11008,12008
load.user97,33394,34394
load.user970,33374,34374
load.user971,33395,34395
load.user972,33385,34385
load.user973,33387,34387
load.user974,10995,11995
load.user975,33380,34380
load.user976,11110,12110
load.user977,33388,34388
load.user978,33373,34373
load.user979,33393,34393
load.user98,10996,11996
load.user980,33377,34377
load.user981,33386,34386
load.user982,33375,34375
load.user983,33390,34390
load.user984,33391,34391
load.user985,33354,34354
load.user986,33362,34362
load.user987,33381,34381
load.user988,33383,34383
load.user989,33747,34747
load.user99,33397,34397
load.user990,33357,34357
load.user991,33364,34364
load.user992,33359,34359
load.user993,11021,12021
load.user994,33415,34415
load.user995,33406,34406
load.user996,33400,34400
load.user997,33392,34392
load.user998,33360,34360
load.user999,33396,34396
load.user1000,33407,34407
load.user1001,33366,34366
load.user1002,33833,34833
load.user1003,33909,34909
load.user1004,33944,34944
load.user1005,33371,34371
load.user1006,33378,34378
load.user1007,33370,34370
load.user1008,33365,34365
load.user1009,11026,12026
load.user1010,33413,34413
load.user1011,33376,34376
load.user1012,33399,34399
load.user1013,33402,34402
load.user1014,33418,34418
load.user1015,33408,34408
load.user1016,33382,34382
load.user1017,33422,34422
load.user1018,33404,34404
load.user1019,33417,34417
load.user1020,33419,34419
load.user1021,33424,34424
load.user1022,33361,34361
load.user1023,33411,34411
load.user1024,33412,34412
load.user1025,11024,12024
load.user1026,11003,12003
load.user1027,11011,12011
load.user1028,11098,12098
load.user1029,12714,13714
load.user1030,33372,34372
load.user1031,33367,34367
load.user1032,33369,34369
load.user1033,10997,11997
load.user1034,11059,12059
load.user1035,11020,12020
load.user1036,67359,68359
load.user1037,11006,12006
load.user1038,11025,12025
load.user1039,32904,33904
load.user1040,34762,35762
load.user1041,11069,12069
