c_un,c_fn
load.user947,John300
load.user948,John301
load.user949,John302
load.user95,John303
load.user950,John304
load.user951,John305
load.user952,John306
load.user953,John307
load.user954,John308
load.user955,John309
load.user956,John310
load.user957,John311
load.user958,John312
load.user959,John313
load.user96,John314
load.user960,John315
load.user961,John316
load.user962,John317
load.user963,John318
load.user964,John319
load.user965,John320
load.user966,John321
load.user967,John322
load.user968,John323
load.user969,John324
load.user97,John325
load.user970,John326
load.user971,John327
load.user972,John328
load.user973,John329
load.user974,John330
load.user975,John331
load.user976,John332
load.user977,John333
load.user978,John334
load.user979,John335
load.user98,John336
load.user980,John337
load.user981,John338
load.user982,John339
load.user983,John340
load.user984,John341
load.user985,John342
load.user986,John343
load.user987,John344
load.user988,John345
load.user989,John346
load.user99,John347
load.user990,John348
load.user991,John349
load.user992,John350
load.user993,John351
load.user994,John352
load.user995,John353
load.user996,John354
load.user997,John355
load.user998,John356
load.user999,John357
load.user1000,John358
load.user1001,John359
load.user1002,John360
load.user1003,John361
load.user1004,John362
load.user1005,John363
load.user1006,John364
load.user1007,John365
load.user1008,John366
load.user1009,John367
load.user1010,John368
load.user1011,John369
load.user1012,John370
load.user1013,John371
load.user1014,John372
load.user1015,John373
load.user1016,John374
load.user1017,John375
load.user1018,John376
load.user1019,John377
load.user1020,John378
load.user1021,John379
load.user1022,John380
load.user1023,John381
load.user1024,John382
load.user1025,John383
load.user1026,John384
load.user1027,John385
load.user1028,John386
load.user1029,John387
load.user1030,John388
load.user1031,John389
load.user1032,John390
load.user1033,John391
load.user1034,John392
load.user1035,John393
load.user1036,John394
load.user1037,John395
load.user1038,John396
load.user1039,John397
load.user1040,John398
load.user1041,John399
