Ward_UN,Ward_Pass,patbocWrdeleId1,patbocWrdeleId2
load.ward1,Abhi@124,1804,1904
load.ward2,Abhi@124,1805,1905
load.ward3,Abhi@124,1806,1906
load.ward4,Abhi@124,1807,1907
load.ward5,Abhi@124,1808,1908
load.ward6,Abhi@124,1809,1909
load.ward7,Abhi@124,1810,1910
load.ward8,Abhi@124,1811,1911
load.ward9,Abhi@124,1812,1912
load.ward10,Abhi@124,1813,1913
load.ward11,Abhi@124,1814,1914
load.ward12,Abhi@124,1815,1915
load.ward13,Abhi@124,1816,1916
load.ward14,Abhi@124,1817,1917
load.ward15,Abhi@124,1818,1918
load.ward16,Abhi@124,1819,1919
load.ward17,Abhi@124,1820,1920
load.ward18,Abhi@124,1821,1921
load.ward19,Abhi@124,1822,1922
load.ward20,Abhi@124,1823,1923
load.ward21,Abhi@124,1824,1924
load.ward22,Abhi@124,1825,1925
load.ward23,Abhi@124,1826,1926
load.ward24,Abhi@124,1827,1927
load.ward25,Abhi@124,1828,1928
load.ward26,Abhi@124,1829,1929
load.ward27,Abhi@124,1830,1930
load.ward28,Abhi@124,1831,1931
load.ward29,Abhi@124,1832,1932
load.ward30,Abhi@124,1833,1933
load.ward31,Abhi@124,1834,1934
load.ward32,Abhi@124,1835,1935
load.ward33,Abhi@124,1836,1936
load.ward34,Abhi@124,1837,1937
load.ward35,Abhi@124,1838,1938
load.ward36,Abhi@124,1839,1939
load.ward37,Abhi@124,1840,1940
load.ward38,Abhi@124,1841,1941
load.ward39,Abhi@124,1842,1942
load.ward40,Abhi@124,1843,1943
load.ward41,Abhi@124,1844,1944
load.ward42,Abhi@124,1845,1945
load.ward43,Abhi@124,1846,1946
load.ward44,Abhi@124,1847,1947
load.ward45,Abhi@124,1848,1948
load.ward46,Abhi@124,1849,1949
load.ward47,Abhi@124,1850,1950
load.ward48,Abhi@124,1851,1951
load.ward49,Abhi@124,1852,1952
load.ward50,Abhi@124,1853,1953
load.ward51,Abhi@124,1854,1954
load.ward52,Abhi@124,1855,1955
load.ward53,Abhi@124,1856,1956
load.ward54,Abhi@124,1857,1957
load.ward55,Abhi@124,1858,1958
load.ward56,Abhi@124,1859,1959
load.ward57,Abhi@124,1860,1960
load.ward58,Abhi@124,1861,1961
load.ward59,Abhi@124,1862,1962
load.ward60,Abhi@124,1863,1963
load.ward61,Abhi@124,1864,1964
load.ward62,Abhi@124,1865,1965
load.ward63,Abhi@124,1866,1966
load.ward64,Abhi@124,1867,1967
load.ward65,Abhi@124,1868,1968
load.ward66,Abhi@124,1869,1969
load.ward67,Abhi@124,1870,1970
load.ward68,Abhi@124,1871,1971
load.ward69,Abhi@124,1872,1972
load.ward70,Abhi@124,1873,1973
load.ward71,Abhi@124,1874,1974
load.ward72,Abhi@124,1875,1975
load.ward73,Abhi@124,1876,1976
load.ward74,Abhi@124,1877,1977
load.ward75,Abhi@124,1878,1978
load.ward76,Abhi@124,1879,1979
load.ward77,Abhi@124,1880,1980
load.ward78,Abhi@124,1881,1981
load.ward79,Abhi@124,1882,1982
load.ward80,Abhi@124,1883,1983
load.ward81,Abhi@124,1884,1984
load.ward82,Abhi@124,1885,1985
load.ward83,Abhi@124,1886,1986
load.ward84,Abhi@124,1887,1987
load.ward85,Abhi@124,1888,1988
load.ward86,Abhi@124,1889,1989
load.ward87,Abhi@124,1890,1990
load.ward88,Abhi@124,1891,1991
load.ward89,Abhi@124,1892,1992
load.ward90,Abhi@124,1893,1993
load.ward91,Abhi@124,1894,1994
load.ward92,Abhi@124,1895,1995
load.ward93,Abhi@124,1896,1996
load.ward94,Abhi@124,1897,1997
load.ward95,Abhi@124,1898,1998
load.ward96,Abhi@124,1899,1999
load.ward97,Abhi@124,1900,2000
load.ward98,Abhi@124,1901,2001
load.ward99,Abhi@124,1902,2002
load.ward100,Abhi@124,1903,2003
