Imaging_UN,Imaging_Pass,Imaging_PatId,Imaging_Patbarcode
load.imaging1,Abhi@124,11051,12051
load.imaging2,Abhi@124,11063,12063
load.imaging3,Abhi@124,11102,12102
load.imaging4,Abhi@124,33471,34471
load.imaging5,Abhi@124,10999,11999
load.imaging6,Abhi@124,11007,12007
load.imaging7,Abhi@124,11087,12087
load.imaging8,Abhi@124,11004,12004
load.imaging9,Abhi@124,11009,12009
load.imaging10,Abhi@124,59168,60168
load.imaging11,Abhi@124,11000,12000
load.imaging12,Abhi@124,12045,13045
load.imaging13,Abhi@124,33048,34048
load.imaging14,Abhi@124,11002,12002
load.imaging15,Abhi@124,11010,12010
load.imaging16,Abhi@124,33358,34358
load.imaging17,Abhi@124,33389,34389
load.imaging18,Abhi@124,11089,12089
load.imaging19,Abhi@124,33368,34368
load.imaging20,Abhi@124,33379,34379
load.imaging21,Abhi@124,33353,34353
load.imaging22,Abhi@124,33384,34384
load.imaging23,Abhi@124,33398,34398
load.imaging24,Abhi@124,33363,34363
load.imaging25,Abhi@124,11008,12008
load.imaging26,Abhi@124,33394,34394
load.imaging27,Abhi@124,33374,34374
load.imaging28,Abhi@124,33395,34395
load.imaging29,Abhi@124,33385,34385
load.imaging30,Abhi@124,33387,34387
load.imaging31,Abhi@124,10995,11995
load.imaging32,Abhi@124,33380,34380
load.imaging33,Abhi@124,11110,12110
load.imaging34,Abhi@124,33388,34388
load.imaging35,Abhi@124,33373,34373
load.imaging36,Abhi@124,33393,34393
load.imaging37,Abhi@124,10996,11996
load.imaging38,Abhi@124,33377,34377
load.imaging39,Abhi@124,33386,34386
load.imaging40,Abhi@124,33375,34375
load.imaging41,Abhi@124,33390,34390
load.imaging42,Abhi@124,33391,34391
load.imaging43,Abhi@124,33354,34354
load.imaging44,Abhi@124,33362,34362
load.imaging45,Abhi@124,33381,34381
load.imaging46,Abhi@124,33383,34383
load.imaging47,Abhi@124,33747,34747
load.imaging48,Abhi@124,33397,34397
load.imaging49,Abhi@124,33357,34357
load.imaging50,Abhi@124,33364,34364
load.imaging51,Abhi@124,33359,34359
load.imaging52,Abhi@124,11021,12021
load.imaging53,Abhi@124,33415,34415
load.imaging54,Abhi@124,33406,34406
load.imaging55,Abhi@124,33400,34400
load.imaging56,Abhi@124,33392,34392
load.imaging57,Abhi@124,33360,34360
load.imaging58,Abhi@124,33396,34396
load.imaging59,Abhi@124,33407,34407
load.imaging60,Abhi@124,33366,34366
load.imaging61,Abhi@124,33833,34833
load.imaging62,Abhi@124,33909,34909
load.imaging63,Abhi@124,33944,34944
load.imaging64,Abhi@124,33371,34371
load.imaging65,Abhi@124,33378,34378
load.imaging66,Abhi@124,33370,34370
load.imaging67,Abhi@124,33365,34365
load.imaging68,Abhi@124,11026,12026
load.imaging69,Abhi@124,33413,34413
load.imaging70,Abhi@124,33376,34376
load.imaging71,Abhi@124,33399,34399
load.imaging72,Abhi@124,33402,34402
load.imaging73,Abhi@124,33418,34418
load.imaging74,Abhi@124,33408,34408
load.imaging75,Abhi@124,33382,34382
load.imaging76,Abhi@124,33422,34422
load.imaging77,Abhi@124,33404,34404
load.imaging78,Abhi@124,33417,34417
load.imaging79,Abhi@124,33419,34419
load.imaging80,Abhi@124,33424,34424
load.imaging81,Abhi@124,33361,34361
load.imaging82,Abhi@124,33411,34411
load.imaging83,Abhi@124,33412,34412
load.imaging84,Abhi@124,11024,12024
load.imaging85,Abhi@124,11003,12003
load.imaging86,Abhi@124,11011,12011
load.imaging87,Abhi@124,11098,12098
load.imaging88,Abhi@124,12714,13714
load.imaging89,Abhi@124,33372,34372
load.imaging90,Abhi@124,33367,34367
load.imaging91,Abhi@124,33369,34369
load.imaging92,Abhi@124,10997,11997
load.imaging93,Abhi@124,11059,12059
load.imaging94,Abhi@124,11020,12020
load.imaging95,Abhi@124,67359,68359
load.imaging96,Abhi@124,11006,12006
load.imaging97,Abhi@124,11025,12025
load.imaging98,Abhi@124,32904,33904
load.imaging99,Abhi@124,34762,35762
load.imaging100,Abhi@124,11069,12069
