Lab_UN,Lab_Pass,Lab_PatId,Lab_Patbarcode
load.lab1,Abhi@124,11051,12051
load.lab2,Abhi@124,11063,12063
load.lab3,Abhi@124,11102,12102
load.lab4,Abhi@124,33471,34471
load.lab5,Abhi@124,10999,11999
load.lab6,Abhi@124,11007,12007
load.lab7,Abhi@124,11087,12087
load.lab8,Abhi@124,11004,12004
load.lab9,Abhi@124,11009,12009
load.lab10,Abhi@124,59168,60168
load.lab11,Abhi@124,11000,12000
load.lab12,Abhi@124,12045,13045
load.lab13,Abhi@124,33048,34048
load.lab14,Abhi@124,11002,12002
load.lab15,Abhi@124,11010,12010
load.lab16,Abhi@124,33358,34358
load.lab17,Abhi@124,33389,34389
load.lab18,Abhi@124,11089,12089
load.lab19,Abhi@124,33368,34368
load.lab20,Abhi@124,33379,34379
load.lab21,Abhi@124,33353,34353
load.lab22,Abhi@124,33384,34384
load.lab23,Abhi@124,33398,34398
load.lab24,Abhi@124,33363,34363
load.lab25,Abhi@124,11008,12008
load.lab26,Abhi@124,33394,34394
load.lab27,Abhi@124,33374,34374
load.lab28,Abhi@124,33395,34395
load.lab29,Abhi@124,33385,34385
load.lab30,Abhi@124,33387,34387
load.lab31,Abhi@124,10995,11995
load.lab32,Abhi@124,33380,34380
load.lab33,Abhi@124,11110,12110
load.lab34,Abhi@124,33388,34388
load.lab35,Abhi@124,33373,34373
load.lab36,Abhi@124,33393,34393
load.lab37,Abhi@124,10996,11996
load.lab38,Abhi@124,33377,34377
load.lab39,Abhi@124,33386,34386
load.lab40,Abhi@124,33375,34375
load.lab41,Abhi@124,33390,34390
load.lab42,Abhi@124,33391,34391
load.lab43,Abhi@124,33354,34354
load.lab44,Abhi@124,33362,34362
load.lab45,Abhi@124,33381,34381
load.lab46,Abhi@124,33383,34383
load.lab47,Abhi@124,33747,34747
load.lab48,Abhi@124,33397,34397
load.lab49,Abhi@124,33357,34357
load.lab50,Abhi@124,33364,34364
load.lab51,Abhi@124,33359,34359
load.lab52,Abhi@124,11021,12021
load.lab53,Abhi@124,33415,34415
load.lab54,Abhi@124,33406,34406
load.lab55,Abhi@124,33400,34400
load.lab56,Abhi@124,33392,34392
load.lab57,Abhi@124,33360,34360
load.lab58,Abhi@124,33396,34396
load.lab59,Abhi@124,33407,34407
load.lab60,Abhi@124,33366,34366
load.lab61,Abhi@124,33833,34833
load.lab62,Abhi@124,33909,34909
load.lab63,Abhi@124,33944,34944
load.lab64,Abhi@124,33371,34371
load.lab65,Abhi@124,33378,34378
load.lab66,Abhi@124,33370,34370
load.lab67,Abhi@124,33365,34365
load.lab68,Abhi@124,11026,12026
load.lab69,Abhi@124,33413,34413
load.lab70,Abhi@124,33376,34376
load.lab71,Abhi@124,33399,34399
load.lab72,Abhi@124,33402,34402
load.lab73,Abhi@124,33418,34418
load.lab74,Abhi@124,33408,34408
load.lab75,Abhi@124,33382,34382
load.lab76,Abhi@124,33422,34422
load.lab77,Abhi@124,33404,34404
load.lab78,Abhi@124,33417,34417
load.lab79,Abhi@124,33419,34419
load.lab80,Abhi@124,33424,34424
load.lab81,Abhi@124,33361,34361
load.lab82,Abhi@124,33411,34411
load.lab83,Abhi@124,33412,34412
load.lab84,Abhi@124,11024,12024
load.lab85,Abhi@124,11003,12003
load.lab86,Abhi@124,11011,12011
load.lab87,Abhi@124,11098,12098
load.lab88,Abhi@124,12714,13714
load.lab89,Abhi@124,33372,34372
load.lab90,Abhi@124,33367,34367
load.lab91,Abhi@124,33369,34369
load.lab92,Abhi@124,10997,11997
load.lab93,Abhi@124,11059,12059
load.lab94,Abhi@124,11020,12020
load.lab95,Abhi@124,67359,68359
load.lab96,Abhi@124,11006,12006
load.lab97,Abhi@124,11025,12025
load.lab98,Abhi@124,32904,33904
load.lab99,Abhi@124,34762,35762
load.lab100,Abhi@124,11069,12069
