Condition_UN,Condition_Pass
load.user3,Welcome@123
load.user30,Welcome@123
load.user300,Welcome@123
load.user3000,Welcome@123
load.user3001,Welcome@123
load.user3002,Welcome@123
load.user3003,Welcome@123
load.user3004,Welcome@123
load.user3005,Welcome@123
load.user3006,Welcome@123
load.user351,Welcome@123
load.user352,Welcome@123
load.user353,Welcome@123
load.user354,Welcome@123
load.user355,Welcome@123
load.user356,Welcome@123
load.user357,Welcome@123
load.user358,Welcome@123
load.user359,Welcome@123
load.user36,Welcome@123
load.user360,Welcome@123
load.user361,Welcome@123
load.user362,Welcome@123
load.user363,Welcome@123
load.user364,Welcome@123
load.user365,Welcome@123
load.user366,Welcome@123
load.user367,Welcome@123
load.user368,Welcome@123
load.user369,Welcome@123
load.user37,Welcome@123
load.user370,Welcome@123
load.user371,Welcome@123
load.user372,Welcome@123
load.user373,Welcome@123
load.user374,Welcome@123
load.user375,Welcome@123
load.user376,Welcome@123
load.user377,Welcome@123
load.user378,Welcome@123
load.user379,Welcome@123
load.user38,Welcome@123
load.user380,Welcome@123
load.user381,Welcome@123
load.user382,Welcome@123
load.user383,Welcome@123
load.user384,Welcome@123
load.user385,Welcome@123
load.user386,Welcome@123
load.user387,Welcome@123
load.user388,Welcome@123
load.user389,Welcome@123
load.user39,Welcome@123
load.user390,Welcome@123
load.user391,Welcome@123
load.user392,Welcome@123
load.user393,Welcome@123
load.user394,Welcome@123
load.user395,Welcome@123
load.user396,Welcome@123
load.user397,Welcome@123
load.user398,Welcome@123
load.user399,Welcome@123
load.user4,Welcome@123
load.user40,Welcome@123
load.user400,Welcome@123
load.user401,Welcome@123
load.user402,Welcome@123
load.user403,Welcome@123
load.user404,Welcome@123
load.user405,Welcome@123
load.user406,Welcome@123
load.user407,Welcome@123
load.user408,Welcome@123
load.user409,Welcome@123
load.user41,Welcome@123
load.user410,Welcome@123
load.user411,Welcome@123
load.user412,Welcome@123
load.user413,Welcome@123
load.user414,Welcome@123
load.user415,Welcome@123
load.user416,Welcome@123
load.user417,Welcome@123
load.user418,Welcome@123
load.user419,Welcome@123
load.user42,Welcome@123
load.user420,Welcome@123
load.user421,Welcome@123
load.user422,Welcome@123
load.user423,Welcome@123
load.user424,Welcome@123
load.user425,Welcome@123
load.user426,Welcome@123
load.user427,Welcome@123
load.user428,Welcome@123
load.user429,Welcome@123
load.user43,Welcome@123
load.user430,Welcome@123
load.user431,Welcome@123
load.user432,Welcome@123
load.user433,Welcome@123
load.user434,Welcome@123
load.user435,Welcome@123
load.user436,Welcome@123
load.user437,Welcome@123
load.user438,Welcome@123
load.user439,Welcome@123
load.user44,Welcome@123
load.user440,Welcome@123
