SocialC_UN,SocialC_Pass,SocialC_patId,SocialC_Patbarcode
load.user487,Welcome@123,33390,34390
load.user488,Welcome@123,33391,34391
load.user489,Welcome@123,33354,34354
load.user49,Welcome@123,33362,34362
load.user490,Welcome@123,33381,34381
load.user491,Welcome@123,33383,34383
load.user492,Welcome@123,33747,34747
load.user493,Welcome@123,33397,34397
load.user494,Welcome@123,33357,34357
load.user495,Welcome@123,33364,34364
load.user496,Welcome@123,33359,34359
load.user497,Welcome@123,11021,12021
load.user498,Welcome@123,33415,34415
load.user499,Welcome@123,33406,34406
load.user5,Welcome@123,33400,34400
load.user50,Welcome@123,33392,34392
load.user500,Welcome@123,33360,34360
load.user501,Welcome@123,33396,34396
load.user502,Welcome@123,33407,34407
load.user503,Welcome@123,33366,34366
