Investigation_UN,Investigation_Pass,Investigation_patId,Investigation_Patbarcode
load.user315,Welcome@123,33833,34833
load.user316,Welcome@123,33909,34909
load.user317,Welcome@123,33944,34944
load.user318,Welcome@123,33371,34371
load.user319,Welcome@123,33378,34378
load.user32,Welcome@123,33370,34370
load.user320,Welcome@123,33365,34365
load.user321,Welcome@123,11026,12026
load.user322,Welcome@123,33413,34413
load.user323,Welcome@123,33376,34376
load.user441,Welcome@123,33399,34399
load.user442,Welcome@123,33402,34402
load.user443,Welcome@123,33418,34418
load.user444,Welcome@123,33408,34408
load.user445,Welcome@123,33382,34382
load.user446,Welcome@123,33422,34422
load.user447,Welcome@123,33404,34404
load.user448,Welcome@123,33417,34417
load.user449,Welcome@123,33419,34419
load.user45,Welcome@123,33424,34424
