PresProblems_UN,PresProblems_Pass,PresProblems_patId,PresProblems_Patbarcode
load.user360,Welcome@123,33353,34353
load.user361,Welcome@123,33384,34384
load.user362,Welcome@123,33398,34398
load.user363,Welcome@123,33363,34363
load.user364,Welcome@123,11008,12008
load.user365,Welcome@123,33394,34394
load.user366,Welcome@123,33374,34374
load.user367,Welcome@123,33395,34395
load.user368,Welcome@123,33385,34385
load.user369,Welcome@123,33387,34387
load.user37,Welcome@123,10995,11995
load.user370,Welcome@123,33380,34380
load.user371,Welcome@123,11110,12110
load.user372,Welcome@123,33388,34388
load.user373,Welcome@123,33373,34373
load.user374,Welcome@123,33393,34393
load.user375,Welcome@123,10996,11996
load.user376,Welcome@123,33377,34377
load.user377,Welcome@123,33386,34386
load.user378,Welcome@123,33375,34375
