MDT_UN,MDT_Pass
load.user1614,Welcome@123
load.user1615,Welcome@123
load.user1616,Welcome@123
load.user1617,Welcome@123
load.user1618,Welcome@123
load.user1619,Welcome@123
load.user1620,Welcome@123
load.user1621,Welcome@123
load.user1622,Welcome@123
load.user1623,Welcome@123
load.user1672,Welcome@123
load.user1671,Welcome@123
load.user1673,Welcome@123
load.user1674,Welcome@123
load.user1688,Welcome@123
load.user1690,Welcome@123
load.user1830,Welcome@123
load.user1831,Welcome@123
load.user1832,Welcome@123
load.user1833,Welcome@123
load.user1834,Welcome@123
load.user1835,Welcome@123
load.user1836,Welcome@123
load.user1837,Welcome@123
load.user1838,Welcome@123
load.user1839,Welcome@123
load.user1840,Welcome@123
load.user1841,Welcome@123
load.user1648,Welcome@123
load.user1649,Welcome@123
load.user1650,Welcome@123
load.user1651,Welcome@123
load.user1652,Welcome@123
load.user1606,Welcome@123
load.user1607,Welcome@123
load.user1604,Welcome@123
load.user1605,Welcome@123
load.user1608,Welcome@123
load.user1609,Welcome@123
load.user1610,Welcome@123
load.user1611,Welcome@123
load.user1612,Welcome@123
load.user1613,Welcome@123
load.user1692,Welcome@123
load.user1691,Welcome@123
load.user1693,Welcome@123
load.user1694,Welcome@123
load.user1695,Welcome@123
load.user1696,Welcome@123
load.user1698,Welcome@123
load.user1697,Welcome@123
load.user1700,Welcome@123
load.user1699,Welcome@123
load.user1701,Welcome@123
load.user1702,Welcome@123
load.user1703,Welcome@123
load.user1646,Welcome@123
load.user1647,Welcome@123
load.user1842,Welcome@123
load.user1843,Welcome@123
load.user1844,Welcome@123
load.user1845,Welcome@123
load.user1846,Welcome@123
load.user1847,Welcome@123
load.user1848,Welcome@123
load.user1849,Welcome@123
load.user1710,Welcome@123
load.user1625,Welcome@123
load.user1626,Welcome@123
load.user1654,Welcome@123
load.user1656,Welcome@123
load.user1655,Welcome@123
load.user1657,Welcome@123
load.user1658,Welcome@123
load.user1659,Welcome@123
load.user1660,Welcome@123
load.user1662,Welcome@123
load.user1661,Welcome@123
load.user1663,Welcome@123
load.user1664,Welcome@123
load.user1665,Welcome@123
load.user1667,Welcome@123
load.user1666,Welcome@123
load.user1668,Welcome@123
load.user1669,Welcome@123
load.user1670,Welcome@123
load.user1675,Welcome@123
load.user1677,Welcome@123
load.user1676,Welcome@123
load.user1678,Welcome@123
load.user1679,Welcome@123
load.user1680,Welcome@123
load.user1681,Welcome@123
load.user1683,Welcome@123
load.user1682,Welcome@123
load.user1684,Welcome@123
load.user1685,Welcome@123
load.user1686,Welcome@123
load.user1687,Welcome@123
load.user1689,Welcome@123
