Communication_UN,Communication_Pass,Communicationl_patId,Communication_Patbarcode
load.user1648,Welcome@123,33393,34393
load.user1649,Welcome@123,10996,11996
load.user1650,Welcome@123,33377,34377
load.user1651,Welcome@123,33386,34386
load.user1652,Welcome@123,33375,34375
load.user1606,Welcome@123,33390,34390
load.user1607,Welcome@123,33391,34391
load.user1604,Welcome@123,33354,34354
load.user1605,Welcome@123,33362,34362
load.user1608,Welcome@123,33381,34381
load.user1609,Welcome@123,33383,34383
load.user1610,Welcome@123,33747,34747
load.user1611,Welcome@123,33397,34397
load.user1612,Welcome@123,33357,34357
load.user1613,Welcome@123,33364,34364
