Pathways_UN,Pathways_Pass,Pathways_patId,Pathways_Patbarcode
load.user1657,Welcome@123,33356,34356
load.user1658,Welcome@123,33354,34354
load.user1659,Welcome@123,33355,34355
load.user1660,Welcome@123,33353,34353
load.user1662,Welcome@123,33357,34357
load.user1661,Welcome@123,33358,34358
load.user1663,Welcome@123,33359,34359
load.user1664,Welcome@123,33360,34360
load.user1665,Welcome@123,33361,34361
load.user1667,Welcome@123,33362,34362
load.user1666,Welcome@123,33363,34363
load.user1668,Welcome@123,33364,34364
load.user1669,Welcome@123,33365,34365
load.user1670,Welcome@123,33366,34366
