Alerts_UN,Alerts_Pass,Alerts_patId,Alerts_Patbarcode
load.user1614,Welcome@123,33359,34359
load.user1615,Welcome@123,11021,12021
load.user1616,Welcome@123,33415,34415
load.user1617,Welcome@123,33406,34406
load.user1618,Welcome@123,33400,34400
load.user1619,Welcome@123,33392,34392
load.user1620,Welcome@123,33360,34360
load.user1621,Welcome@123,33396,34396
load.user1622,Welcome@123,33407,34407
load.user1623,Welcome@123,33366,34366
load.user1672,Welcome@123,33361,34361
load.user1671,Welcome@123,33411,34411
load.user1673,Welcome@123,33412,34412
load.user1674,Welcome@123,11024,12024
