MedAdministration_UN,MedAdministration_Pass,MedAdministration_patId,MedAdministration_Patbarcode
load.user1842,Welcome@123,33418,34418
load.user1843,Welcome@123,33408,34408
load.user1844,Welcome@123,33382,34382
load.user1845,Welcome@123,33422,34422
load.user1846,Welcome@123,33404,34404
load.user1847,Welcome@123,33417,34417
load.user1848,Welcome@123,33419,34419
load.user1849,Welcome@123,33424,34424
load.user1710,Welcome@123,11051,12051
load.user1625,Welcome@123,11063,12063
load.user1626,Welcome@123,11102,12102
load.user1654,Welcome@123,33471,34471
load.user1656,Welcome@123,10999,11999
load.user1655,Welcome@123,11007,12007
