Devices_UN,Devices_Pass,Devices_patId,Devices_Patbarcode
load.user1692,Welcome@123,33353,34353
load.user1691,Welcome@123,33384,34384
load.user1693,Welcome@123,33398,34398
load.user1694,Welcome@123,33363,34363
load.user1695,Welcome@123,11008,12008
load.user1696,Welcome@123,33394,34394
load.user1698,Welcome@123,33374,34374
load.user1697,Welcome@123,33395,34395
load.user1700,Welcome@123,33370,34370
load.user1699,Welcome@123,33365,34365
load.user1701,Welcome@123,11026,12026
load.user1702,Welcome@123,33413,34413
load.user1703,Welcome@123,33376,34376
load.user1646,Welcome@123,33399,34399
load.user1647,Welcome@123,33402,34402
