Documents_UN,Documents_Pass,Documents_patId,Documents_Patbarcode
load.user1606,Welcome@123,33390,34390
load.user1607,Welcome@123,33391,34391
load.user1604,Welcome@123,33354,34354
load.user1605,Welcome@123,33362,34362
load.user1608,Welcome@123,33381,34381
load.user1609,Welcome@123,33383,34383
load.user1610,Welcome@123,33747,34747
load.user1611,Welcome@123,33397,34397
load.user1612,Welcome@123,33357,34357
load.user1613,Welcome@123,33364,34364
load.user1614,Welcome@123,33359,34359
load.user1615,Welcome@123,11021,12021
load.user1616,Welcome@123,33415,34415
load.user1617,Welcome@123,33406,34406
load.user1618,Welcome@123,33400,34400
load.user1619,Welcome@123,33392,34392
load.user1620,Welcome@123,33360,34360
load.user1621,Welcome@123,33396,34396
load.user1622,Welcome@123,33407,34407
load.user1623,Welcome@123,33366,34366
