PatientConsent_UN,PatientConsent_Pass,PatientConsent_patId,PatientConsent_Patbarcode
load.user1672,Welcome@123,33361,34361
load.user1671,Welcome@123,33411,34411
load.user1673,Welcome@123,33412,34412
load.user1674,Welcome@123,11024,12024
load.user1675,Welcome@123,11003,12003
load.user1677,Welcome@123,11011,12011
load.user1676,Welcome@123,11098,12098
load.user1678,Welcome@123,12714,13714
load.user1679,Welcome@123,33372,34372
load.user1680,Welcome@123,33367,34367
load.user1681,Welcome@123,33369,34369
load.user1683,Welcome@123,10997,11997
load.user1682,Welcome@123,11059,12059
load.user1684,Welcome@123,11020,12020
load.user1685,Welcome@123,67359,68359
load.user1686,Welcome@123,11006,12006
load.user1687,Welcome@123,11025,12025
load.user1689,Welcome@123,32904,33904
load.user1688,Welcome@123,34762,35762
load.user1690,Welcome@123,11069,12069
