Medication_UN,Medication_Pass,Medication_patId,Medication_Patbarcode
load.user469,Welcome@123,33361,34361
load.user47,Welcome@123,33411,34411
load.user470,Welcome@123,33412,34412
load.user471,Welcome@123,11024,12024
load.user472,Welcome@123,11003,12003
load.user473,Welcome@123,11011,12011
load.user474,Welcome@123,11098,12098
load.user475,Welcome@123,12714,13714
load.user476,Welcome@123,33372,34372
load.user477,Welcome@123,33367,34367
load.user478,Welcome@123,33369,34369
load.user479,Welcome@123,10997,11997
load.user48,Welcome@123,11059,12059
load.user480,Welcome@123,11020,12020
load.user481,Welcome@123,67359,68359
load.user482,Welcome@123,11006,12006
load.user483,Welcome@123,11025,12025
load.user484,Welcome@123,32904,33904
load.user485,Welcome@123,34762,35762
load.user486,Welcome@123,11069,12069
