Condition_UN,Condition_Pass,Condition_patId,Condition_Patbarcode
load.user3007,Welcome@123,11051,12051
load.user3008,Welcome@123,11063,12063
load.user3009,Welcome@123,11102,12102
load.user301,Welcome@123,33471,34471
load.user3010,Welcome@123,10999,11999
load.user3011,Welcome@123,11007,12007
load.user302,Welcome@123,11087,12087
load.user303,Welcome@123,11004,12004
load.user304,Welcome@123,11009,12009
load.user305,Welcome@123,59168,60168
load.user306,Welcome@123,11000,12000
load.user307,Welcome@123,12045,13045
load.user308,Welcome@123,33048,34048
load.user309,Welcome@123,11002,12002
load.user31,Welcome@123,11010,12010
load.user310,Welcome@123,33358,34358
load.user311,Welcome@123,33389,34389
load.user312,Welcome@123,11089,12089
load.user313,Welcome@123,33368,34368
load.user314,Welcome@123,33379,34379
