Allergies_UN,Allergies_Pass,Allergies_patId,Allergies_Patbarcode
load.user3,Welcome@123,11051,12051
load.user30,Welcome@123,11063,12063
load.user300,Welcome@123,11102,12102
load.user3000,Welcome@123,33471,34471
load.user3001,Welcome@123,10999,11999
load.user3002,Welcome@123,11007,12007
load.user3003,Welcome@123,11087,12087
load.user3004,Welcome@123,11004,12004
load.user3005,Welcome@123,11009,12009
load.user3006,Welcome@123,59168,60168
load.user351,Welcome@123,11000,12000
load.user352,Welcome@123,12045,13045
load.user353,Welcome@123,33048,34048
load.user354,Welcome@123,11002,12002
load.user355,Welcome@123,11010,12010
load.user356,Welcome@123,33358,34358
load.user357,Welcome@123,33389,34389
load.user358,Welcome@123,11089,12089
load.user359,Welcome@123,33368,34368
load.user36,Welcome@123,33379,34379
