Worklist_UN,Worklist_Pass,Worklist_patId,Worklist_Patbarcode
load.user379,Welcome@123,33390,34390
load.user38,Welcome@123,33391,34391
load.user380,Welcome@123,33354,34354
load.user381,Welcome@123,33362,34362
load.user382,Welcome@123,33381,34381
load.user383,Welcome@123,33383,34383
load.user384,Welcome@123,33747,34747
load.user385,Welcome@123,33397,34397
load.user386,Welcome@123,33357,34357
load.user387,Welcome@123,33364,34364
load.user388,Welcome@123,33359,34359
load.user389,Welcome@123,11021,12021
load.user39,Welcome@123,33415,34415
load.user390,Welcome@123,33406,34406
load.user391,Welcome@123,33400,34400
load.user392,Welcome@123,33392,34392
load.user393,Welcome@123,33360,34360
load.user394,Welcome@123,33396,34396
load.user395,Welcome@123,33407,34407
load.user396,Welcome@123,33366,34366
