PatientScans_UN,PatientScans_Pass,PatientScans_patId,PatientScans_Patbarcode
load.user389,Welcome@123,11021,12021
load.user39,Welcome@123,33415,34415
load.user390,Welcome@123,33406,34406
load.user391,Welcome@123,33400,34400
load.user392,Welcome@123,33392,34392
load.user393,Welcome@123,33360,34360
load.user394,Welcome@123,33396,34396
load.user395,Welcome@123,33407,34407
load.user396,Welcome@123,33366,34366
load.user397,Welcome@123,33833,34833
load.user398,Welcome@123,33909,34909
load.user399,Welcome@123,33944,34944
load.user4,Welcome@123,33371,34371
load.user40,Welcome@123,33378,34378
load.user400,Welcome@123,33370,34370
load.user401,Welcome@123,33365,34365
load.user402,Welcome@123,11026,12026
