Overview_UN,Overview_Pass,Overview_patId,Overview_Patbarcode
load.user373,Welcome@123,33373,34373
load.user374,Welcome@123,33393,34393
load.user375,Welcome@123,10996,11996
load.user376,Welcome@123,33377,34377
load.user377,Welcome@123,33386,34386
load.user378,Welcome@123,33375,34375
load.user379,Welcome@123,33390,34390
load.user38,Welcome@123,33391,34391
load.user380,Welcome@123,33354,34354
load.user381,Welcome@123,33362,34362
load.user382,Welcome@123,33381,34381
load.user383,Welcome@123,33383,34383
load.user384,Welcome@123,33747,34747
load.user385,Welcome@123,33397,34397
load.user386,Welcome@123,33357,34357
load.user387,Welcome@123,33364,34364
load.user388,Welcome@123,33359,34359
