Recommendations_UN,Recommendations_Pass,Recommendations_patId,Recommendations_Patbarcode
load.user358,Welcome@123,11089,12089
load.user359,Welcome@123,33368,34368
load.user36,Welcome@123,33379,34379
load.user360,Welcome@123,33353,34353
load.user361,Welcome@123,33384,34384
load.user362,Welcome@123,33398,34398
load.user363,Welcome@123,33363,34363
load.user364,Welcome@123,11008,12008
load.user365,Welcome@123,33394,34394
load.user366,Welcome@123,33374,34374
load.user367,Welcome@123,33395,34395
load.user368,Welcome@123,33385,34385
load.user369,Welcome@123,33387,34387
load.user37,Welcome@123,10995,11995
load.user370,Welcome@123,33380,34380
load.user371,Welcome@123,11110,12110
load.user372,Welcome@123,33388,34388
