PatientDetails_UN,PatientDetails_Pass,PatientDetails_patId,PatientDetails_Patbarcode
load.user403,Welcome@123,33413,34413
load.user404,Welcome@123,33376,34376
load.user405,Welcome@123,33399,34399
load.user406,Welcome@123,33402,34402
load.user407,Welcome@123,33418,34418
load.user408,Welcome@123,33408,34408
load.user409,Welcome@123,33382,34382
load.user41,Welcome@123,33422,34422
load.user410,Welcome@123,33404,34404
load.user411,Welcome@123,33417,34417
load.user412,Welcome@123,33419,34419
load.user413,Welcome@123,33424,34424
load.user414,Welcome@123,33361,34361
load.user415,Welcome@123,33411,34411
load.user416,Welcome@123,33412,34412
load.user417,Welcome@123,11024,12024
