Examinations_UN,Examinations_Pass,Examinations_patId,Examinations_Patbarcode
load.user414,Welcome@123,33361,34361
load.user415,Welcome@123,33411,34411
load.user416,Welcome@123,33412,34412
load.user417,Welcome@123,11024,12024
load.user418,Welcome@123,11003,12003
load.user419,Welcome@123,11011,12011
load.user42,Welcome@123,11098,12098
load.user420,Welcome@123,12714,13714
load.user421,Welcome@123,33372,34372
load.user422,Welcome@123,33367,34367
load.user423,Welcome@123,33369,34369
load.user424,Welcome@123,10997,11997
load.user425,Welcome@123,11059,12059
load.user426,Welcome@123,11020,12020
load.user427,Welcome@123,67359,68359
load.user428,Welcome@123,11006,12006
load.user429,Welcome@123,11025,12025
load.user43,Welcome@123,32904,33904
load.user430,Welcome@123,34762,35762
load.user431,Welcome@123,11069,12069
