RiskFactors_UN,RiskFactors_Pass,RiskFactors_patId,RiskFactors_Patbarcode
load.user397,Welcome@123,33833,34833
load.user398,Welcome@123,33909,34909
load.user399,Welcome@123,33944,34944
load.user4,Welcome@123,33371,34371
load.user40,Welcome@123,33378,34378
load.user400,Welcome@123,33370,34370
load.user401,Welcome@123,33365,34365
load.user402,Welcome@123,11026,12026
load.user403,Welcome@123,33413,34413
load.user404,Welcome@123,33376,34376
load.user405,Welcome@123,33399,34399
load.user406,Welcome@123,33402,34402
load.user407,Welcome@123,33418,34418
load.user408,Welcome@123,33408,34408
load.user409,Welcome@123,33382,34382
load.user41,Welcome@123,33422,34422
load.user410,Welcome@123,33404,34404
load.user411,Welcome@123,33417,34417
load.user412,Welcome@123,33419,34419
load.user413,Welcome@123,33424,34424
